culture,region,Region,OWC,Documents,subsistence,elvparagraphs,elvdocs,elv,Year,name,isocodes,level,macroarea,latitude,longitude,glottocode,torturedocs,tortureparagraphs,headhdocs,headhparagraphs,mutilatedocs,mutilateparagraphs,cannibaldocs,cannibalparagraphs,scalpdocs,scalpparagraphs,trophydocs,trophyparagraphs,wardocs,warparagraphs,dietdocs,dietparagraphs
Abipón,Southern South America,South America,SI04,3,hunter-gatherers,7,1,1,1780,Abipon,axb,language,South America,-29,-61,abip1241,1,3,,,,,,,1,1,1,5,2,65,1,13
Abkhazians,Caucasus,Asia,RI03,5,pastoralists,0,0,0,1880,Abkhaz,abk,language,Eurasia,43.056218,41.159115,abkh1244,,,,,,,,,,,,,4,41,5,50
African Americans,"Regional, Ethnic and Diaspora Cultures",North America,NK04,25,commercial economy,0,0,0,1958,,,,,,,,,,,,,,,,,,,,7,52,12,61
Ainu,East Asia,Asia,AB06,10,hunter-gatherers,0,0,0,1912,Hokkaido Ainu,ain,language,Eurasia,43.633654,142.46167,ainu1240,,,,,,,,,,,,,2,3,8,77
Akan,Western Africa,Africa,FE12,55,horticulturalists,5,4,1,1950,Akha,ahk,language,Eurasia,21.2309,100.964,akha1245,,,,,,,,,,,4,5,27,458,18,87
Albanians,Southeastern Europe,Europe,EG01,13,intensive agriculturalists,1,1,1,1944,,,,,42,20.17,alba1268,,,1,1,,,,,,,,,3,20,4,12
Aleut,Arctic and Subarctic,North America,NA06,62,hunter-gatherers,7,6,1,1835,Eastern Aleut,,dialect,North America,55,-162.9,east2533,2,2,,,,,,,3,3,4,5,18,197,28,155
Alorese,Southeast Asia,Asia,OF05,5,horticulturalists,6,3,1,1940,Abui,abz,language,Papunesia,-8.31058,124.588,abui1241,,,3,6,,,,,,,,,3,18,3,30
Alutiiq,Arctic and Subarctic,North America,NA10,35,hunter-gatherers,5,3,1,1933,General Central Yup'ik,,dialect,North America,61.2,-147.6,kusk1241,2,2,,,,,,,1,1,1,2,10,39,12,61
Amahuaca,Amazon and Orinoco,South America,SE06,9,other,0,0,0,1950,Amahuaca,amc,language,South America,-10.2012,-72.3208,amah1246,,,,,,,,,,,1,1,4,41,7,45
Amhara,Eastern Africa,Africa,MP05,16,intensive agriculturalists,1,1,1,1952,Amharic,amh,language,Africa,11.708182,39.543456,amha1245,,,,,,,,,,,1,1,5,31,6,65
Amish,"Regional, Ethnic and Diaspora Cultures",North America,NM06,31,intensive agriculturalists,0,0,0,1890,Amish Pennsylvania German,,dialect,North America,,,amis1245,,,,,,,,,,,,,11,59,6,33
Andamans,South Asia,Asia,AZ02,15,hunter-gatherers,0,0,0,1870,Akabea,abj,language,Eurasia,12.3782,92.7818,akab1249,,,,,,,,,,,,,7,55,8,145
Arab Americans,"Regional, Ethnic and Diaspora Cultures",North America,NK09,32,commercial economy,0,0,0,1941,,,,,,,,,,,,,,,,,,,,7,10,7,11
Arab Canadians,"Regional, Ethnic and Diaspora Cultures",North America,NC05,6,commercial economy,0,0,0,1932,,,,,,,,,,,,,,,,,,,,1,4,2,10
Aranda,Australia,Oceania,OI08,47,hunter-gatherers,0,0,0,1900,Eastern Arrernte,aer,language,Australia,-23.3583,135.046,east2379,,,,,1,1,,,,,,,3,56,10,169
Armenia,Caucasus,Asia,RJ01,6,intensive agriculturalists,1,1,1,1900,Eastern Armenian,hye,language,Eurasia,40,45,nucl1235,1,1,,,,,,,,,,,6,114,3,48
Assiniboine,Plains and Plateau,North America,NF04,29,hunter-gatherers,65,13,1,1880,Assiniboine,asb,language,North America,49.2923,-106.068,assi1247,,,,,1,2,1,1,10,57,4,9,15,495,10,70
Atayal,East Asia,Asia,AD08,9,horticulturalists,11,5,1,1930,Atayal,tay,language,Papunesia,24.5209,121.388,atay1247,,,5,10,,,,,,,1,1,6,33,4,12
Aymara,Central Andes,South America,SF05,17,horticulturalists,4,2,1,1938,Central Aymara,ayr,language,South America,-17,-68.5,cent2142,1,1,,,,,2,4,,,,,7,24,12,96
Ayoreo,Southern South America,South America,SK16,1,other,0,0,0,1865,Ayoreo,ayo,language,South America,-19.220055,-60.217495,ayor1240,,,,,,,,,,,,,1,2,,
Azande,Central Africa,Africa,FO07,47,horticulturalists,9,4,1,1923,Zande,zne,language,Africa,4.62047,26.7157,zand1248,,,,,3,5,3,3,,,3,4,20,342,21,342
Aztecs,Central Mexico,Middle America and the Caribbean,NU07,28,intensive agriculturalists,5,4,1,1520,Classical Nahuatl,nci,language,North America,19.72,-96.97,clas1250,3,4,,,,,1,1,,,,,23,1691,19,423
Babylonians,Middle East,Middle East,MH07,14,intensive agriculturalists,0,0,0,-2000,Akkadian,akk,language,Eurasia,33.1,44.1,akka1240,,,,,,,,,,,,,7,127,7,34
Badaga,South Asia,Asia,AW50,11,intensive agriculturalists,0,0,0,1898,Badaga,bfq,language,Eurasia,11.3094,76.5974,bada1257,,,,,,,,,,,,,1,1,9,43
Bagisu,Eastern Africa,Africa,FK13,4,horticulturalists,0,0,0,1929,Lufumbo,,dialect,Africa,1.1,34.3,lugi1238,,,,,,,,,,,,,4,30,3,18
Bahia Brazilians,Eastern South America,South America,SO11,11,intensive agriculturalists,0,0,0,1940,Brazilian Portuguese,,dialect,Eurasia,-11.4,-41.3,braz1246,,,,,,,,,,,,,4,26,5,31
Bakairi,Amazon and Orinoco,South America,SP07,8,other,0,0,0,1944,Bakairí,bkq,language,South America,-14.2628,-54.7034,baka1277,,,,,,,,,,,,,6,7,7,41
Balinese,Southeast Asia,Asia,OF07,26,intensive agriculturalists,0,0,0,1955,Balinese,ban,language,Papunesia,-8.35714,115.075,bali1278,,,,,,,,,,,,,1,1,7,15
Baluchi,South Asia,Asia,AT02,1,pastoralists,0,0,0,2002,Afghanistan Balochi,,dialect,Eurasia,28,62,afgh1241,,,,,,,,,,,,,1,1,,
Bambara,Western Africa,Africa,FA08,11,agro-pastoralists,0,0,0,1911,Bambara,bam,language,Africa,12.9,-7.65,bamb1269,,,,,,,,,,,,,4,32,6,24
Banen,Western Africa,Africa,FH26,4,intensive agriculturalists,1,1,1,1945,Tunen,tvu,language,Africa,4.75,10.67,tune1261,1,1,,,,,,,,,,,5,29,4,546
Banyoro,Eastern Africa,Africa,FK11,17,horticulturalists,2,2,1,1954,Nyoro,nyo,language,Africa,0.95294,31.3493,nyor1246,1,1,,,1,1,,,,,,,9,79,7,54
Barama River Carib,Amazon and Orinoco,South America,SR09,3,hunter-gatherers,0,0,0,1931,Murato,,dialect,South America,7.4,-60.2,mura1272,,,,,,,,,,,,,1,1,2,22
Barundi,Central Africa,Africa,FO58,7,horticulturalists,5,1,1,1920,,,,,-3,30,,1,2,,,1,4,,,,,,,4,389,4,25
Basque Americans,"Regional, Ethnic and Diaspora Cultures",North America,N018,10,pastoralists,0,0,0,1900,,,,,,,,,,,,,,,,,,,,1,2,4,6
Basques,Southern Europe,Europe,EX08,18,agro-pastoralists,0,0,0,1749,Basque,eus,language,Eurasia,43.2787,-1.31622,basq1248,,,,,,,,,,,,,13,180,5,45
Basseri,Middle East,Middle East,MA10,3,pastoralists,0,0,0,1958,Basseri,,dialect,Eurasia,29,53,bass1257,,,,,,,,,,,,,1,1,2,6
Bau Fijians,Polynesia,Oceania,OQ12,8,hunter-gatherers,19,4,1,1876,,,,,-17.97,178.62,,2,2,,,,,4,17,,,1,1,5,376,5,75
Bedouin,Middle East,Middle East,MJ04,6,pastoralists,0,0,0,1242,Central Bedouin Najdi,,dialect,Eurasia,25.41,30.53,cent2323,,,,,,,,,,,,,3,181,3,25
Belau,Micronesia,Oceania,OR15,27,other,16,2,1,1949,Ambelau,amv,language,Papunesia,-3.85919,127.196,ambe1248,,,2,8,,,,,,,1,8,16,245,20,84
Bemba,Southern Africa,Africa,FQ05,11,horticulturalists,1,1,1,1915,Town Bemba,,dialect,Africa,-10.5,30.5,town1238,,,,,,,,,,,1,1,4,10,3,111
Bena,Eastern Africa,Africa,FN31,7,horticulturalists,2,1,1,1931,Bena (Tanzania),bez,language,Africa,-9.26671,35.0364,bena1262,1,1,,,1,1,,,,,1,1,3,88,2,23
Bengali,South Asia,Asia,AW69,32,intensive agriculturalists,0,0,0,1940,Bengali,ben,language,Eurasia,24,90,beng1280,,,,,,,,,,,,,3,9,14,105
Berbers of Morocco,Northern Africa,Africa,MX03,11,agro-pastoralists,0,0,0,1938,,,,,34.9,-3.25,berb1260,,,,,,,,,,,,,6,78,5,75
Betsileo,Africa,Africa,FY11,1,intensive agriculturalists,0,0,0,1913,Betsileo,,dialect,Africa,-19.59,47.12,bets1235,,,,,,,,,,,,,,,,
Bhil,South Asia,Asia,AW25,8,agro-pastoralists,0,0,0,1900,Bhili,bhb,language,Eurasia,20.85,73.9592,bhil1251,,,,,,,,,,,,,1,1,4,19
Bilen,Eastern Africa,Africa,MN06,3,pastoralists,0,0,0,1850,Bilin,byn,language,Africa,15.7833,38.3917,bili1260,,,,,,,,,,,,,3,51,4,9
Blackfoot,Plains and Plateau,North America,NF06,44,hunter-gatherers,182,20,1,1830,Piegan,,dialect,North America,49.34,-111.2,pieg1239,5,10,,,1,2,1,1,19,162,7,19,33,2052,26,299
Bororo,Eastern South America,South America,SP08,12,hunter-gatherers,1,1,1,1928,Bororo,bor,language,South America,-16.6029,-55.2004,boro1282,,,,,,,,,,,1,1,6,26,10,50
Bosnian Muslims,Southeastern Europe,Europe,EF09,10,commercial economy,0,0,0,1885,,,,,42.9,17.67,,,,,,,,,,,,,,5,31,4,19
Botocudo,Eastern South America,South America,SN02,6,hunter-gatherers,7,2,1,1840,,,,,-19.23,-41.23,aimo1246,,,,,,,2,7,,,1,1,5,38,2,10
British (1485-1603),British Isles,Europe,ES14,5,agro-pastoralists,0,0,1,1544,,,,,51.5072,-0.1276,,,,,,,,,,,,,,3,89,5,168
British (1714-1815),British Isles,Europe,ES03,8,intensive agriculturalists,1,1,1,1765,,,,,51.5072,-0.1276,,1,1,,,,,,,,,,,5,270,7,187
Burmans,Southeast Asia,Asia,AP04,16,intensive agriculturalists,0,0,0,1950,Burmese,mya,language,Eurasia,20.7926,93.9665,nucl1310,,,,,,,,,,,,,5,9,7,21
Burusho,South Asia,Asia,AV07,9,intensive agriculturalists,0,0,0,1930,Burushaski,bsk,language,Eurasia,36.2161,74.8236,buru1296,,,,,,,,,,,,,5,6,6,99
Cajuns,"Regional, Ethnic and Diaspora Cultures",North America,NO12,19,other,0,0,0,1986,,,,,,,,,,,,,,,,1,1,,,11,181,12,214
Cambodians,Southeast Asia,Asia,AM04,26,intensive agriculturalists,0,0,0,1629,Mel (Cambodia),,dialect,Eurasia,13,103.83,melc1234,,,,,,,,,,,,,15,115,7,41
Canela,Eastern South America,South America,SO08,4,hunter-gatherers,3,2,1,1930,Canela-Krahô,ram,language,South America,-6.10712,-45.1299,cane1242,1,1,,,,,1,1,,,2,2,2,94,4,63
Canelos Quichua,Amazon and Orinoco,South America,SD18,4,horticulturalists,0,0,0,1974,Runa,rna,language,South America,2.74999,-76.5,runa1235,,,,,,,,,,,,,4,9,1,4
Central Thai,Southeast Asia,Asia,AO07,38,intensive agriculturalists,0,0,0,1903,Thai,tha,language,Eurasia,14.192,100.671,thai1261,,,,,,,,,,,,,6,17,22,141
Chachi,Northwestern South America,South America,SD06,8,other,1,1,1,1909,Cha'palaa,cbi,language,South America,0.71489,-79.0508,chac1249,,,,,,,1,1,,,,,2,6,6,66
Chagga,Eastern Africa,Africa,FN04,8,intensive agriculturalists,1,1,1,1929,Mochi,old,language,Africa,-3.33743,37.3357,moch1256,1,1,,,,,,,,,,,7,318,8,89
Cherokee,Eastern Woodlands,North America,NN08,52,other,71,12,1,1740,Cherokee,chr,language,North America,35.4664,-83.163,cher1273,3,15,,,,,,,12,56,3,3,36,670,21,307
Chicanos,"Regional, Ethnic and Diaspora Cultures",North America,N007,58,commercial economy,0,0,0,1967,,,,,,,,,,,,,,,,,,,,18,136,11,37
Chinese Americans,"Regional, Ethnic and Diaspora Cultures",North America,NK06,16,commercial economy,0,0,0,,,,,,,,,,,,,,,,,,,,,7,49,10,43
Chinese Canadians,"Regional, Ethnic and Diaspora Cultures",North America,NC04,7,commercial economy,0,0,0,1922,,,,,,,,,,,,,,,,,,,,5,22,1,1
Chinookans of the Lower Columbia River,Northwest Coast and California,North America,NR06,11,hunter-gatherers,1,1,1,1854,,,,,45.2,-119.2,chin1490,,,,,,,,,1,1,,,4,26,5,45
Chipewyans,Arctic and Subarctic,North America,ND07,59,hunter-gatherers,1,1,1,1736,Chipewyan,chp,language,North America,58.98,-104.44,chip1261,1,1,,,,,,,,,,,11,85,35,235
Chorote,Southern South America,South America,SK06,2,hunter-gatherers,5,2,1,1925,,,,,-22.2,-62.7,chort1274,1,1,,,,,,,2,4,2,2,2,14,2,10
Chukchee,North Asia,Asia,RY02,13,pastoralists,1,1,1,1900,Chukchi,ckt,language,Eurasia,68.6436,170.045,chuk1273,1,1,,,,,,,,,,,3,49,8,123
Chuuk,Micronesia,Oceania,OR19,31,other,3,2,1,1944,Chuukese,chk,language,Papunesia,7.346993,151.598607,chuu1238,,,,,2,3,,,,,,,13,339,12,190
Comanche,Plains and Plateau,North America,NO06,20,hunter-gatherers,46,7,1,1868,Comanche,com,language,North America,34,-101,coma1245,3,10,,,1,1,,,6,35,3,4,15,371,12,77
Copper Inuit,Arctic and Subarctic,North America,ND08,38,hunter-gatherers,0,0,0,1918,Inuinnaqtun,,dialect,North America,68.72,-112.53,copp1244,,,,,,,,,,,,,2,2,12,137
Creek,Eastern Woodlands,North America,NN11,6,hunter-gatherers,31,2,1,1750,Creek,mus,language,North America,31,-87.5,cree1270,1,6,,,,,1,1,2,26,1,2,5,144,4,29
Croats,Southeastern Europe,Europe,EF04,6,commercial economy,0,0,0,1972,Croatian Standard,hrv,dialect,Eurasia,45.555,15.982,croa1245,,,,,,,,,,,,,2,4,4,17
Crow,Plains and Plateau,North America,NQ10,25,hunter-gatherers,42,11,1,1903,Crow,cro,language,North America,45.368,-107.874,crow1244,4,4,,,1,1,,,11,37,3,3,18,630,11,26
Cuban Americans,"Regional, Ethnic and Diaspora Cultures",North America,NK08,23,commercial economy,0,0,0,1974,,,,,,,,,,,,,,,,,,,,2,9,3,20
Cubans,Middle America and the Caribbean,Middle America and the Caribbean,SX01,1,other,0,0,0,1547,Cuban Spanish,,dialect,Eurasia,21.62,-79.04,cuba1237,,,,,,,,,,,,,,,,
Delaware,Eastern Woodlands,North America,NM07,21,hunter-gatherers,39,7,1,1650,Unami,unm,language,North America,40.4,-74.3,unam1242,5,10,,,,,3,3,6,27,4,7,10,152,12,71
Dogon,Western Africa,Africa,FA16,35,intensive agriculturalists,0,0,0,1944,Bankan Tey Dogon,dbw,language,Africa,15.06,-2.92,bank1259,,,,,,,,,,,,,14,50,17,239
Dominicans,Middle America and the Caribbean,Middle America and the Caribbean,ST04,1,other,0,0,0,1900,Dominican Spanish,,dialect,Eurasia,18.89,-70.49,domi1242,,,,,,,,,,,,,,,,
Early Icelanders,Scandinavia,Europe,EQ02,24,other,2,2,1,1000,Icelandic,isl,language,Eurasia,63.4837,-19.0212,icel1247,,,,,2,2,,,,,,,11,34,1,1
Eastern Apache,Southwest and Basin,North America,NT08,6,hunter-gatherers,13,3,1,1902,Kiowa Apache,apk,language,North America,34.9077,-98.2461,kiow1264,2,2,,,1,1,,,3,12,,,6,244,3,119
Eastern Toraja,Southeast Asia,Asia,OG11,6,horticulturalists,64,5,1,1940,Toraja Barat,,dialect,Papunesia,-2,121,tora1262,,,5,46,2,2,1,1,4,19,1,2,5,648,5,204
Enxet and Enlhet,Southern South America,South America,SK15,8,hunter-gatherers,6,3,1,1964,Toba,tob,language,South America,-23.77,-61.96,toba1269,1,1,,,,,,,2,5,1,1,5,35,6,53
Eyak,Arctic and Subarctic,North America,NA07,3,hunter-gatherers,0,0,0,1890,Eyak,eya,language,North America,60.4232,-144.762,eyak1241,,,,,,,,,1,1,,,2,16,2,37
Fellahin,Northern Africa,Africa,MR13,9,intensive agriculturalists,0,0,0,1940,,,,,24.75,33,,,,,,,,,,,,,,2,2,7,64
Flores,Southeast Asia,Asia,OF09,1,horticulturalists,1,1,1,1761,,,,,-8.62,121.12,ngad1266,,,1,1,,,,,,,,,1,1,,
Fon,Western Africa,Africa,FA18,15,horticulturalists,2,2,1,1890,Fon,fon,language,Africa,7.15484,1.66495,fonn1241,,,,,,,1,1,,,1,1,10,428,4,18
Fox,Eastern Woodlands,North America,NP05,46,other,24,11,1,1825,Meskwaki,sac,language,North America,44,-89,mesk1242,1,2,,,,,2,2,8,19,2,2,28,380,16,146
Fulani,Western Africa,Africa,MS11,15,pastoralists,0,0,0,1959,Bilkire Fulani,,dialect,Africa,15.03,8.55,bilk1238,,,,,,,,,,,,,4,53,10,46
Fur,Eastern Africa,Africa,MQ08,8,intensive agriculturalists,9,1,1,1880,Fur,fvr,language,Africa,12.0455,23.6401,furr1244,1,9,,,,,,,,,,,7,515,5,24
Ganda,Eastern Africa,Africa,FK07,30,intensive agriculturalists,2,1,1,1890,Ganda,lug,language,Africa,0.66884,32.15153,gand1255,,,,,1,2,,,,,,,16,295,12,66
Garifuna,Central America,Middle America and the Caribbean,SA12,23,horticulturalists,0,0,0,1940,Garifuna,cab,language,North America,15.3529,-86.9091,gari1256,,,,,,,2,2,,,,,14,139,17,189
Garo,South Asia,Asia,AR05,34,horticulturalists,14,6,1,1900,Garo,grt,language,Eurasia,25.2954,90.462,garo1247,,,5,11,,,,,,,3,4,9,41,8,42
Ghorbat,Asia,Asia,AU07,1,commercial economy,0,0,0,2000,,,,,34.34,65.51,,,,,,,,,,,,,,,,,
Gikuyu,Eastern Africa,Africa,FL10,23,intensive agriculturalists,1,1,1,1949,Northern Gikuyu,,dialect,Africa,-0.67,37.17,nort2797,1,1,,,,,,,,,,,10,149,12,51
Goajiro,Northwestern South America,South America,SC13,14,pastoralists,0,0,0,1940,Wayuu,guc,language,South America,11.395566,-72.199791,wayu1243,,,,,,,,,,,,,8,44,8,37
Gond,South Asia,Asia,AW32,7,other,0,0,0,1931,Aheri Gondi,esg,language,Eurasia,19.4163,80.0058,aher1237,,,,,,,,,,,,,2,7,4,109
Gran Chaco,Southern South America,South America,SK04,1,hunter-gatherers,0,0,0,1867,,,,,-23.75,-61.25,,,,,,,,,,,,,,1,3,1,1
Greeks,Southeastern Europe,Europe,EH01,96,intensive agriculturalists,4,1,1,1950,Modern Greek,ell,language,Eurasia,38.36,23.13,mode1248,1,1,,,1,4,,,,,,,22,279,20,178
Gros Ventre,Plains and Plateau,North America,NQ13,8,hunter-gatherers,26,4,1,1880,Gros Ventre,ats,language,North America,48.4834,-108.738,gros1243,1,1,,,,,,,4,25,3,4,6,151,3,28
Guaraní,Eastern South America,South America,SM04,10,other,4,4,1,1900,Eastern Bolivian Guaraní,gui,language,South America,-20.42,-63.37,east2555,,,,,,,4,4,,,,,6,60,7,40
Gusii,Eastern Africa,Africa,FL08,33,horticulturalists,0,0,0,1945,Gusii,guz,language,Africa,-0.78872,34.76751,gusi1247,,,,,,,,,,,,,15,45,11,34
Hadza,Eastern Africa,Africa,FN11,19,hunter-gatherers,0,0,0,1910,Hadza,hts,language,Africa,-3.83115,35.0458,hadz1240,,,,,,,,,,,,,1,1,19,222
Haida,Northwest Coast and California,North America,NE09,12,hunter-gatherers,1,1,1,1890,Northern Haida,hdn,language,North America,54.004532,-132.079257,nort2938,1,1,,,,,,,,,1,1,7,41,10,91
Haitian Americans,North America,North America,NK07,12,commercial economy,0,0,0,1800,,,,,,,,,,,,,,,,,,,,,,,
Haitians,Caribbean,Middle America and the Caribbean,SV03,12,commercial economy,0,0,0,1930,Haitian,hat,language,North America,18.795135,-72.136115,hait1244,,,,,,,,,,,,,6,27,6,127
Han Chinese,East Asia,Asia,AE15,10,intensive agriculturalists,0,0,0,1953,Late Han Chinese,,dialect,Eurasia,31,120.5,late1251,,,,,,,,,,,,,4,8,7,38
Hausa,Western Africa,Africa,MS12,22,other,0,0,0,1946,Hausa,hau,language,Africa,11.1513,8.7804,haus1257,,,,,,,,,,,,,10,177,11,123
Havasupai,Southwest and Basin,North America,NT14,12,other,10,3,1,1895,Havasupai,,dialect,North America,35.8,-112.17,hava1249,,,,,,,,,3,10,,,6,41,9,56
Hawaiians,Polynesia,Oceania,OV05,28,other,2,2,1,1800,Hawaiian,haw,language,Papunesia,19.6297,-155.43,hawa1245,,,,,,,,,,,2,2,12,228,15,269
Hazara,Central Asia,Asia,AU05,1,intensive agriculturalists,0,0,0,1930,Hazaragi,haz,language,Eurasia,33.3708,64.5105,haza1239,,,,,,,,,,,,,1,8,,
Hidatsa,Plains and Plateau,North America,NQ14,10,intensive agriculturalists,32,5,1,1860,Hidatsa,hid,language,North America,47.33,-102,hida1246,2,5,,,1,1,1,2,5,26,,,9,192,5,260
Highland Scots,British Isles,Europe,ES10,26,other,0,0,0,1750,Scottish Gaelic,gla,language,Eurasia,56.7574,-5.24366,scot1245,,,,,,,,,,,,,8,39,7,32
Hopi,Southwest and Basin,North America,NT09,65,intensive agriculturalists,33,9,1,1935,Hopi,hop,language,North America,35.7653,-110.535,hopi1249,,,,,,,,,9,33,2,4,25,315,39,512
Huichol,Northern Mexico,Middle America and the Caribbean,NU19,25,other,0,0,0,1920,Huichol,hch,language,North America,21.954,-104.062,huic1243,,,,,,,,,,,,,4,14,14,90
Huron/Wendat,Eastern Woodlands,North America,NG05,18,other,79,6,1,1640,Huron-Wyandot,wya,language,North America,44.33,-77.5,wyan1247,6,59,,,1,1,4,9,5,15,4,8,16,719,6,78
Iban,Southeast Asia,Asia,OC06,38,horticulturalists,277,24,1,1950,Iban,iba,language,Papunesia,2.09041,112.934,iban1264,1,1,23,244,1,1,2,2,1,1,13,74,27,1144,20,49
Icelanders,Scandinavia,Europe,EQ01,23,other,0,0,0,1525,Icelandic,isl,language,Eurasia,63.4837,-19.0212,icel1247,,,,,,,,,,,,,1,1,4,6
Ifugao,Southeast Asia,Asia,OA19,31,intensive agriculturalists,69,12,1,1914,Tuwali Ifugao,ifk,language,Papunesia,16.6646,121.113,tuwa1243,1,2,11,60,,,,,1,1,6,9,15,966,15,79
Igbo,Western Africa,Africa,FF26,38,horticulturalists,43,13,1,1930,Igbo,ibo,language,Africa,4.62705,7.23441,nucl1417,,,9,23,,,3,6,1,1,6,18,29,452,23,469
Ila,Southern Africa,Africa,FQ06,13,horticulturalists,5,2,1,1939,Ila,ilb,language,Africa,-15.60807,26.45548,ilaa1246,,,,,,,,,,,2,5,7,86,7,35
Imperial Romans,Southern Europe,Europe,EI09,16,intensive agriculturalists,1,1,1,0,,,,,41.67,13.5,,1,1,,,,,,,,,,,8,133,13,151
Ingalik,Arctic and Subarctic,North America,NA08,9,hunter-gatherers,0,0,0,1900,Lower Yukon Ingalik,,dialect,North America,62.5,-159.5,lowe1452,,,,,,,1,1,,,,,6,26,8,157
Inka,Central Andes,South America,SE13,24,intensive agriculturalists,2,1,1,1551,Cusco Quechua,quz,language,South America,-14.0853,-71.7663,cusc1236,,,,,,,,,,,1,2,23,496,11,57
Inner Mongolia,Central Asia,Asia,AH06,16,agro-pastoralists,0,0,0,1796,,,,,43.3,114.59,mong1331,1,1,,,,,,,,,,,9,88,10,76
Innu,Arctic and Subarctic,North America,NH06,26,hunter-gatherers,8,2,1,1890,North Labrador Eskimo,,dialect,North America,53,-58,labr1244,1,2,,,,,,,2,6,1,2,7,45,14,110
Iran,Middle East,Middle East,MA01,66,intensive agriculturalists,2,2,1,,,,,,28.66,55.16,iran1269,2,2,,,,,,,,,,,24,259,17,262
Iroquois,Eastern Woodlands,North America,NM09,54,horticulturalists,49,10,1,1893,Caddo,cad,language,North America,33.33,-93.5,cadd1256,7,34,,,2,2,3,3,4,14,2,2,35,447,17,181
Island Carib,Caribbean,Middle America and the Caribbean,ST13,17,hunter-gatherers,4,4,1,1940,Garifuna,cab,language,North America,15.3529,-86.9091,gari1256,,,,,,,3,3,,,2,2,11,81,11,78
Israelis,Middle East,Middle East,MF01,21,commercial economy,0,0,0,1956,,,,,31.36,34.97,,,,,,,,,,,,,,11,84,9,48
Israelites,Middle East,Middle East,MF07,17,intensive agriculturalists,4,3,1,1940,,,,,32.25,35.33,,1,1,,,,,1,1,,,1,2,10,236,7,94
Italian Americans,"Regional, Ethnic and Diaspora Cultures",North America,N010,66,commercial economy,0,0,0,1910,,,,,,,,,,,,,,,,,,,,16,92,18,40
Italian Canadians,"Regional, Ethnic and Diaspora Cultures",North America,NC06,23,commercial economy,0,0,0,,,,,,,,,,,,,,,,,,,,,4,17,1,1
Jamaicans,Caribbean,Middle America and the Caribbean,SY01,1,other,0,0,0,1921,,,,,18.13,-77.26,,,,,,,,,,,,,,3,3,7,42
Javanese,Southeast Asia,Asia,OE05,40,intensive agriculturalists,0,0,0,1951,Javanese,jav,language,Papunesia,-7.001,109.287,java1254,,,,,,,,,,,,,13,57,21,157
Jivaro,Amazon and Orinoco,South America,SD09,31,horticulturalists,113,17,1,1930,Shuar,jiv,language,South America,-3.45136,-78.1892,shua1257,1,1,4,9,1,1,4,4,7,16,14,88,20,804,11,86
Kachin,Southeast Asia,Asia,AP06,9,horticulturalists,1,1,1,1940,Southern Jinghpaw,kac,language,Eurasia,25.4634,97.3278,kach1280,,,1,1,,,1,1,,,,,4,27,4,15
Kaffa,Eastern Africa,Africa,MP14,6,intensive agriculturalists,4,3,1,1977,Kafa,kbr,language,Africa,7.34022,36.1718,kafa1242,,,,,1,1,,,,,3,3,6,77,5,18
Kanak,Melanesia,Oceania,OP04,10,intensive agriculturalists,5,2,1,1932,,,,,-21.33,165.67,,,,,,,,2,5,,,,,7,155,4,28
Kanuri,Western Africa,Africa,MS14,12,intensive agriculturalists,0,0,0,1911,Central Kanuri,knc,language,Africa,11.8,13.13,cent2050,,,,,,,,,,,,,6,27,6,23
Kapauku,Melanesia,Oceania,OJ29,10,intensive agriculturalists,0,0,0,1958,,,,,-4,136,ekari1243,,,,,,,1,1,,,,,8,112,3,86
Karajá,Eastern South America,South America,SP09,10,hunter-gatherers,0,0,0,1900,Karajá,kpj,language,South America,-11.1881,-50.3492,kara1500,,,,,,,,,,,,,6,21,5,42
Karakalpak,Central Asia,Asia,RN02,1,intensive agriculturalists,0,0,0,2000,Northeastern Karakalpak,,dialect,Eurasia,40,63.3,nort2694,,,,,,,,,,,,,1,1,,
Karen,Southeast Asia,Asia,AP07,10,other,1,1,1,1910,Pwo Western Karen,pwo,language,Eurasia,17.3622,97.7044,pwow1235,,,,,,,,,,,1,1,3,26,5,64
Kashmiri,South Asia,Asia,AV04,1,other,0,0,0,1956,Kashmiri,kas,language,Eurasia,34.166825,74.330455,kash1277,,,,,,,,,,,,,3,35,9,45
Kaska,Arctic and Subarctic,North America,ND12,6,hunter-gatherers,4,1,1,1920,Kaska,kkz,language,North America,61,-130,kask1239,,,,,,,1,1,1,4,1,1,3,8,5,41
Katab,Western Africa,Africa,FF38,9,other,13,6,1,1940,Katab,,dialect,Africa,10,8,kata1265,,,6,13,,,2,2,,,2,2,6,27,4,6
Kazakh,Central Asia,Asia,RQ02,16,pastoralists,0,0,0,1910,Kazakh,kaz,language,Eurasia,51.17,71.454,kaza1248,,,,,,,,,,,,,4,11,8,29
Kerala,South Asia,Asia,AW11,35,intensive agriculturalists,0,0,0,1799,Malayalam,mal,language,Eurasia,9.59208,76.7651,mala1464,,,,,,,,,,,,,10,28,14,131
Khasi,South Asia,Asia,AR07,23,agro-pastoralists,2,1,1,1901,Khasi,kha,language,Eurasia,24.977,91.9998,khas1269,,,1,2,,,,,,,1,1,6,16,6,21
Khoi,Southern Africa,Africa,FX13,12,other,0,0,0,1850,/Xam,xam,language,Africa,-31.7612,20.1733,xamm1241,,,,,,,,,,,,,6,31,8,77
Kimam,Melanesia,Oceania,OJ82,3,intensive agriculturalists,11,3,1,1940,Kimaama,kig,language,Papunesia,-8.01899,138.355,kima1246,,,3,10,,,,,,,1,1,3,20,2,84
Kiribati,Micronesia,Oceania,OR06,29,hunter-gatherers,0,0,0,1850,Gilbertese,gil,language,Papunesia,0.179,173.64,gilb1244,,,,,,,,,,,,,7,61,15,139
Klamath,Plains and Plateau,North America,NR10,12,hunter-gatherers,18,3,1,1855,Klamath-Modoc,kla,language,North America,42.5861,-121.704,klam1254,,,,,,,,,3,18,1,5,9,204,7,127
Kogi,Northwestern South America,South America,SC07,12,horticulturalists,0,0,0,1945,Cogui,kog,language,South America,10.9485,-73.8043,cogu1240,,,,,,,,,,,,,4,9,8,57
Kol,Asia,Asia,AW37,4,intensive agriculturalists,0,0,0,1941,Mundari,unr,language,Eurasia,23.03,85.85,mund1320,,,,,,,,,,,,,,,,
Konso,Eastern Africa,Africa,MP17,10,intensive agriculturalists,4,2,1,1930,Konso,kxc,language,Africa,5.39111,37.53,kons1243,,,,,,,,,,,2,4,5,72,4,39
Korea,East Asia,Asia,AA01,65,intensive agriculturalists,4,3,1,1881,,,,,37.6,126.42,,2,3,,,,,1,1,,,,,22,291,27,203
Korean Americans,"Regional, Ethnic and Diaspora Cultures",North America,N019,18,commercial economy,0,0,0,1977,,,,,,,,,,,,,,,,,,,,2,15,1,3
Koryaks,North Asia,Asia,RY04,7,hunter-gatherers,0,0,0,1870,Koryak,kpy,language,Eurasia,63.8977,166.695,kory1246,,,,,,,,,,,,,3,16,5,51
Kpelle,Western Africa,Africa,FD06,20,horticulturalists,1,1,1,1935,Liberia Kpelle,xpe,language,Africa,6.92048,-9.96128,libe1247,1,1,,,,,,,,,,,7,39,12,73
Kuna,Central America,Middle America and the Caribbean,SB05,28,horticulturalists,0,0,0,1930,,,,,9.25,-78.5,kuna1280,,,,,,,,,,,,,10,25,15,167
Kurds,Middle East,Middle East,MA11,13,pastoralists,1,1,1,1940,,,,,36.5,44.5,kurd1259,,,,,1,1,,,,,,,9,69,6,42
Kutenai,Plains and Plateau,North America,NF08,13,hunter-gatherers,15,2,1,1880,Kutenai,kut,language,North America,48.7892,-115.065,kute1249,2,3,,,,,,,2,13,1,1,8,99,4,59
Kwoma,Melanesia,Oceania,OJ13,6,other,16,2,1,1933,Kwoma,kmo,language,Papunesia,-4.08721,142.664,kwom1262,,,2,14,,,2,2,,,1,1,4,44,4,78
Kyrgyz,Asia,Asia,RP02,1,pastoralists,0,0,0,1950,Turkish,tur,language,Eurasia,39.8667,32.8667,nucl1301,,,,,,,,,,,,,,,,
Lakeshore Tonga,Southern Africa,Africa,FR07,7,other,0,0,0,1944,Tonga (Zambia),toi,language,Africa,-17.422325,27.103495,tong1318,,,,,,,,,,,,,6,35,2,2
Lau Fijians,Polynesia,Oceania,OQ06,13,other,1,1,1,1840,Bau (Fijian),,dialect,Papunesia,-18.2131,-178.785,bauu1243,,,,,,,1,1,,,,,5,45,8,54
Lepcha,Central Asia,Asia,AK05,14,intensive agriculturalists,0,0,0,1931,Lepcha,lep,language,Eurasia,27.0869,88.5726,lepc1244,,,,,,,,,,,,,4,38,8,63
Lesu,Melanesia,Oceania,OM24,8,other,2,2,1,1930,Notsi,ncf,language,Papunesia,-3.0557,151.661,nots1237,,,,,,,2,2,,,,,4,8,6,22
Libyan Bedouin,Northern Africa,Africa,MT09,15,pastoralists,1,1,1,1885,,,,,25.41,30.53,,1,1,,,,,,,,,,,8,86,7,14
Lozi,Southern Africa,Africa,FQ09,12,other,0,0,0,1912,Lozi,loz,language,Africa,-17.7052,24.7398,lozi1239,,,,,,,,,,,,,8,69,3,25
Luguru,Eastern Africa,Africa,FN32,15,horticulturalists,1,1,1,1945,Luguru,ruf,language,Africa,-6.86828,37.5557,lugu1238,,,,,,,,,,,1,1,5,13,10,38
Luo,Eastern Africa,Africa,FL11,24,intensive agriculturalists,0,0,0,1944,Luo (Kenya and Tanzania),luo,language,Africa,-0.93296,34.4896,luok1236,,,,,,,,,,,,,8,27,10,38
Lur,Middle East,Middle East,MA12,8,agro-pastoralists,0,0,0,1984,Luri,ldd,language,Africa,10.059,9.59745,luri1256,,,,,,,,,,,,,6,36,4,64
Maasai,Eastern Africa,Africa,FL12,21,pastoralists,2,2,1,1909,Masai,mas,language,Africa,-3.1419,36.4573,masa1300,,,,,,,,,,,2,2,12,171,11,152
Malays,Southeast Asia,Asia,AN05,22,intensive agriculturalists,0,0,0,1940,Central Malay,zlm,language,Eurasia,1.85856,103,mala1479,,,,,,,,,,,,,8,41,12,111
Malekula,Melanesia,Oceania,OO12,10,horticulturalists,5,1,1,1947,,,,,-16.5116,167.477,sout3197,,,,,,,1,5,,,,,6,107,7,66
Mam Maya,Maya Area,Middle America and the Caribbean,NW08,8,horticulturalists,0,0,0,1942,,,,,14.8034,-91.7231,,,,,,,,,,,,,,3,12,7,48
Manchu,East Asia,Asia,AG04,32,intensive agriculturalists,0,0,0,1920,Manchu,mnc,language,Eurasia,47.31225,126.55713,manc1252,,,,,,,,,,,,,13,128,6,18
Manus,Melanesia,Oceania,OM06,15,hunter-gatherers,5,5,1,1924,Titan,ttv,language,Papunesia,-2.18168,146.888,tita1241,,,3,3,,,3,3,,,,,12,91,10,67
Mao,Eastern Africa,Africa,MP19,5,horticulturalists,0,0,0,1939,Hozo,hoz,language,Africa,9.38875,34.60448,hozo1236,,,,,,,,,,,,,1,23,2,38
Maori,Polynesia,Oceania,OZ04,11,hunter-gatherers,3,2,1,1753,Maori,mri,language,Papunesia,-38.2881,176.541,maor1246,,,,,,,2,3,,,,,7,291,7,134
Mapuche,Central Andes,South America,SG04,10,intensive agriculturalists,5,3,1,1880,Mapudungun,arn,language,South America,-38.7392,-71.277,mapu1245,1,1,,,,,3,4,,,,,9,44,7,63
Mara,South Asia,Asia,AR20,2,horticulturalists,2,1,1,1900,,,,,22.37802,93,,,,1,1,1,1,,,,,,,2,42,2,19
Maricopa,Southwest and Basin,North America,NT43,7,hunter-gatherers,20,1,1,1850,Maricopa,mrc,language,North America,33.5123,-111.749,mari1440,,,,,,,,,1,20,1,1,3,92,4,23
Marquesas,Polynesia,Oceania,OX06,8,other,16,3,1,1907,,,,,-8.92,-140.17,marq1246,2,4,2,2,,,2,2,1,1,3,8,5,86,6,36
Marshallese,Micronesia,Oceania,OR11,16,other,0,0,0,1929,Marshallese,mah,language,Papunesia,8.72,167.73,mars1254,,,,,,,,,,,,,10,76,9,127
Masa,Central Africa,Africa,FI21,8,agro-pastoralists,0,0,0,1910,Masana,mcn,language,Africa,10.0606,15.4748,masa1322,,,,,,,,,,,,,2,52,7,80
Mataco,Southern South America,South America,SI07,9,hunter-gatherers,12,4,1,1943,,,,,-23.16,-62.2,mata1289,,,1,1,1,1,,,4,12,2,3,6,67,6,90
Maya (Yucatán Peninsula),Maya Area,Middle America and the Caribbean,NV10,17,horticulturalists,0,0,0,1884,,,,,18.78,-88.96,core1254,,,,,,,,,,,,,9,44,12,149
Mbuti,Central Africa,Africa,FO04,7,hunter-gatherers,0,0,0,1941,Bila,bip,language,Africa,1.16839,28.7626,bila1255,,,,,,,,,,,,,2,2,5,57
Mende,Western Africa,Africa,FC07,8,horticulturalists,0,0,0,1930,Mende (Sierra Leone),men,language,Africa,7.90935,-10.9926,mend1266,,,,,,,,,,,,,3,8,4,35
Mentawaians,Southeast Asia,Asia,OD09,15,horticulturalists,6,4,1,1792,Mentawai,mwv,language,Papunesia,-1.41092,98.9401,ment1249,,,4,6,,,,,,,,,6,43,11,99
Mescalero Apache,Southwest and Basin,North America,NT25,28,hunter-gatherers,10,5,1,1870,Mescalero-Chiricahua Apache,apm,language,North America,33.1291,-105.566,mesc1238,1,1,,,,,,,5,10,2,2,16,549,11,88
Miao,East Asia,Asia,AE05,11,intensive agriculturalists,0,0,0,1947,Horned Miao,hrm,language,Eurasia,26.8,104.9,horn1235,,,,,,,,,,,,,2,13,7,28
Mi'kmaq,Eastern Woodlands,North America,NJ05,11,hunter-gatherers,31,4,1,1665,Mi'kmaq,mic,language,North America,46,-64,mikm1235,3,9,,,,,2,2,3,21,3,8,6,163,7,56
Miskito,Central America,Middle America and the Caribbean,SA15,10,hunter-gatherers,2,1,1,1921,Mískito,miq,language,North America,15.1576,-84.2942,misk1235,,,,,,,1,2,,,1,1,5,31,5,96
Mongo,Central Africa,Africa,FO32,6,horticulturalists,2,1,1,1930,Longo (Democratic Republic of Congo),,dialect,Africa,-0.75,19.17,long1393,,,,,,,1,2,,,,,4,30,5,54
Mongolia,Central Asia,Asia,AH01,22,pastoralists,0,0,0,1800,,,,,47.17,96.08,mong1331,1,1,,,,,,,,,,,10,50,13,122
Monguor,East Asia,Asia,AE09,6,intensive agriculturalists,0,0,0,1277,,,,,36.82,102.1,tuuu1240,,,,,,,,,,,,,2,18,5,41
Montenegrins,Southeastern Europe,Europe,EF05,5,agro-pastoralists,12,4,1,1598,Montenegrin Standard,cnr,dialect,Eurasia,42.44,19.27,mont1282,1,1,2,4,,,,,,,2,7,5,145,3,17
Mormons,Southwest and Basin,North America,NT24,63,commercial economy,0,0,0,1914,,,,,,,,,,,,,,,,,,,,14,132,15,74
Mossi,Western Africa,Africa,FA28,11,intensive agriculturalists,0,0,0,1789,Mossi,mos,language,Africa,11.95,-1.32,moss1236,,,,,,,,,,,,,6,30,4,31
Mundurucu,Amazon and Orinoco,South America,SQ13,17,hunter-gatherers,46,11,1,1951,Mundurukú,myu,language,South America,-8.41095,-57.691,mund1330,,,4,6,,,1,1,,,11,43,12,163,6,41
Nahua,Central Mexico,Middle America and the Caribbean,NU46,5,other,0,0,0,1930,Central Guerrero Nahuatl,ngu,language,North America,17.8583,-99.0023,guer1241,,,,,,,,,,,,,3,23,5,87
Nambicuara,Amazon and Orinoco,South America,SP17,13,hunter-gatherers,0,0,0,1940,Southern Nambikuára,nab,language,South America,-14.3707,-59.5187,sout2994,,,,,,,,,,,,,5,10,10,68
Natchez,Eastern Woodlands,North America,NO08,9,other,19,4,1,1700,Natchez,ncz,language,North America,31.75,-91.33,natc1249,2,2,,,,,,,3,17,,,9,357,5,20
Navajo,Southwest and Basin,North America,NT13,251,agro-pastoralists,27,8,1,1940,Navajo,nav,language,North America,36.33,-109.38,nava1243,1,1,,,,,,,8,26,4,5,82,923,71,900
Ndyuka,Amazon and Orinoco,South America,SR14,17,horticulturalists,0,0,0,1960,Aukan,djk,language,South America,4.3126,-54.6419,ndyu1242,,,,,,,,,,,,,10,99,6,57
Nenets,North Asia,Asia,RU41,14,hunter-gatherers,0,0,0,1838,,,,,68,51.5,nene1251,,,,,,,,,,,,,2,19,9,33
Nicobarese,Asia,Asia,AZ07,8,other,0,0,0,1890,Car Nicobarese,caq,language,Eurasia,9.18853,92.7671,carn1240,,,,,,,,,,,,,,,,
Nivkh,North Asia,Asia,RX02,8,hunter-gatherers,0,0,0,1920,Amur Nivkh,niv,language,Eurasia,52.59,140.681,gily1242,,,,,,,,,,,,,3,24,5,98
North American Armenians,"Regional, Ethnic and Diaspora Cultures",North America,N016,10,commercial economy,0,0,0,1902,,,,,,,,,,,,,,,,,,,,3,8,2,12
North American Hasidic Jews,"Regional, Ethnic and Diaspora Cultures",North America,N011,35,commercial economy,0,0,0,,,,,,,,,,,,,,,,,,,,,3,5,12,256
North American Hmong,"Regional, Ethnic and Diaspora Cultures",North America,N009,34,commercial economy,0,0,0,1982,,,,,,,,,,,,,,,,,,,,12,137,9,39
Northeastern Massim,Melanesia,Oceania,OL07,10,other,0,0,0,1953,Daga,dgz,language,Papunesia,-9.9747,149.263,daga1275,,,,,,,,,,,,,4,15,4,52
Northern Paiute,Southwest and Basin,North America,NR13,13,hunter-gatherers,4,3,1,1855,Southern Paiute,,dialect,North America,37,-114,sout2969,,,,,1,1,,,3,4,,,7,42,6,33
Nuba,Eastern Africa,Africa,FJ21,4,intensive agriculturalists,1,1,1,1933,Nubaca,baf,language,Africa,4.35696,11.029,nuba1241,,,,,,,,,,,1,1,3,56,2,78
Nubians,Northern Africa,Africa,MR08,18,horticulturalists,0,0,0,1896,,,,,21.8,31.4,nubi1251,,,,,,,,,,,,,4,32,12,25
Nuer,Eastern Africa,Africa,FJ22,24,agro-pastoralists,0,0,0,1931,Nuer,nus,language,Africa,8.13911,32.3829,nuer1246,,,,,,,,,,,,,17,433,9,69
Nupe,Western Africa,Africa,FF52,13,horticulturalists,0,0,0,1943,Nupe-Nupe-Tako,nup,language,Africa,9.18404,5.40031,nupe1254,,,,,,,,,,,,,4,173,4,20
Nuu-chah-nulth,Northwest Coast and California,North America,NE11,17,hunter-gatherers,3,2,1,1898,Nuu-chah-nulth,nuk,language,North America,49.67,-126.67,nuuc1236,,,,,,,1,1,1,1,1,1,9,204,13,99
Nuxalk,Northwest Coast and California,North America,NE06,11,hunter-gatherers,9,3,1,1880,Bella Coola,blc,language,North America,52.3448,-126.689,bell1243,2,2,,,,,1,4,2,4,1,3,5,128,5,39
Nyakyusa and Ngonde,Eastern Africa,Africa,FN17,10,intensive agriculturalists,1,1,1,1920,Ngonde,,dialect,Africa,-9.5,34,ngon1268,1,1,,,,,,,,,,,8,60,5,21
Ojibwa,Arctic and Subarctic,North America,NG06,74,hunter-gatherers,131,18,1,1899,Rainy River Ojibwa,,dialect,North America,47.32,-91.86,rain1239,3,5,,,,,1,1,16,122,8,12,40,1456,42,582
Okayama,East Asia,Asia,AB43,17,intensive agriculturalists,0,0,0,1950,Okayama,,dialect,Eurasia,34.9,133.8,okay1237,,,,,,,,,,,,,13,82,9,100
Okiek,Eastern Africa,Africa,FL20,17,hunter-gatherers,0,0,0,1953,Okiek,oki,language,Africa,-2.78048,36.5977,okie1245,,,,,,,,,,,,,5,13,11,38
Okinawans,East Asia,Asia,AC07,23,intensive agriculturalists,0,0,0,1950,Central Okinawan,ryu,language,Eurasia,26.14854,127.7816,cent2126,,,,,,,,,,,,,13,238,11,114
Omaha,Plains and Plateau,North America,NQ21,8,hunter-gatherers,34,5,1,1851,Omaha,,dialect,North America,41.43,-96.5,omah1248,2,3,,,1,1,,,4,28,3,4,5,385,3,75
Ona,Southern South America,South America,SH04,6,hunter-gatherers,0,0,0,1880,Selk'nam,ona,language,South America,-54,-68.5,onaa1245,4,5,,,2,2,,,,,,,6,97,6,88
O'odham,Southwest and Basin,North America,NU79,17,other,42,4,1,1743,Tohono O'odham,ood,language,North America,31.7973,-111.995,toho1245,,,,,,,,,4,35,3,17,11,302,11,112
Orokaiva,Melanesia,Oceania,OJ23,32,other,12,3,1,1922,Orokaiva,okv,language,Papunesia,-8.79019,148.09,orok1269,1,1,,,1,1,3,10,,,1,1,16,173,13,94
Osage,Plains and Plateau,North America,NQ22,12,hunter-gatherers,9,2,1,1844,Osage,osa,language,North America,36.7828,-96.2949,osag1243,,,,,,,,,2,9,1,2,10,223,3,8
Otavalo Quichua,South America,South America,SD16,4,horticulturalists,0,0,0,1898,Tena Lowland Quichua,quw,language,South America,-0.76271,-77.5404,tena1240,,,,,,,,,,,,,,,,
Ovambo,Southern Africa,Africa,FX08,15,agro-pastoralists,4,3,1,1929,Ndonga,ndo,language,Africa,-17.22,17.35,ndon1254,1,1,,,,,1,1,1,2,1,1,12,181,9,118
Ovimbundu,Southern Africa,Africa,FP13,13,horticulturalists,3,3,1,1935,Umbundu,umb,language,Africa,-12.4763,14.4148,umbu1257,1,1,,,,,2,2,,,,,9,283,6,21
Palestinians,Middle East,Middle East,M013,40,commercial economy,12,5,1,1959,Jewish Palestinian Aramaic,jpa,dialect,Eurasia,32,35.25,pale1261,5,11,,,1,1,,,,,,,29,1032,15,101
Pamir Peoples,Asia,Asia,RO03,1,agro-pastoralists,0,0,0,2000,,,,,38.19,74,pash1269,,,,,,,,,,,,,,,,
Pashtun,Central Asia,Asia,AU04,22,intensive agriculturalists,0,0,0,1973,,,,,34,71.33,pash1269,,,,,,,,,,,,,10,176,8,32
Pawnee,Plains and Plateau,North America,NQ18,22,other,88,10,1,1863,Pawnee,paw,language,North America,36.2862,-96.8937,pawn1254,1,1,,,1,1,,,10,82,6,10,16,1218,11,83
Pomo,Northwest Coast and California,North America,NS18,29,hunter-gatherers,10,7,1,1900,Kashaya,kju,language,North America,38.5424,-123.08,kash1280,,,,,,,,,7,9,1,1,13,127,16,381
Popoluca,Central Mexico,Middle America and the Caribbean,NU30,4,horticulturalists,0,0,0,1895,Oluta Popoluca,plo,language,North America,17.8937,-94.8863,olut1240,,,,,,,,,,,,,1,2,4,36
Puerto Ricans (Island),Caribbean,Middle America and the Caribbean,SU01,21,commercial economy,0,0,0,1924,,,,,18.466,-66.1057,,,,,,,,,,,,,,2,25,9,52
Puerto Ricans (Mainland),"Regional, Ethnic and Diaspora Cultures",North America,NK05,50,commercial economy,0,0,0,,,,,,,,,,,,,,,,,,,,,5,62,7,19
Pumé,Amazon and Orinoco,South America,SS19,17,other,0,0,0,1949,Pumé,yae,language,South America,7.10677,-67.5996,pume1238,,,,,,,,,,,,,4,7,12,58
Quiché Maya,Maya Area,Middle America and the Caribbean,NW10,9,intensive agriculturalists,0,0,0,1851,,,,,15.044,-91.14,core1254,,,,,,,,,,,,,2,4,6,106
Quinault,Northwest Coast and California,North America,NR17,7,hunter-gatherers,3,3,1,1893,Quinault,qun,language,North America,47.4214,-124.16,quin1251,,,,,,,,,,,3,3,3,30,4,23
Quito Quichua,South America,South America,SD15,5,agro-pastoralists,0,0,0,1949,Loja Highland Quichua,qvj,language,South America,-3.69352,-79.29151,loja1235,,,,,,,,,,,,,,,,
Rapa Nui,Polynesia,Oceania,OY02,22,horticulturalists,4,2,1,1898,Rapanui,rap,language,Papunesia,-27.113,-109.342,rapa1244,1,1,,,,,2,3,,,,,5,29,5,33
Rhade,Southeast Asia,Asia,AM35,4,intensive agriculturalists,0,0,0,1957,Rade,rad,language,Eurasia,12.979,108.41,rade1240,,,,,,,,,,,,,3,35,2,9
Rmeet,Southeast Asia,Asia,AM28,9,horticulturalists,1,1,1,1955,Lamet,lbn,language,Eurasia,19.8829,100.268,lame1256,,,1,1,,,,,,,,,4,6,5,54
Rungus Dusun,Southeast Asia,Asia,OC13,15,horticulturalists,6,4,1,1960,Rungus,drg,language,Papunesia,6.83989,116.743,rung1259,,,4,6,,,,,,,,,6,15,3,8
Rural Irish,British Isles,Europe,ER06,33,agro-pastoralists,0,0,0,1928,Irish,gle,language,Eurasia,53.2186,-7.61509,iris1253,,,,,,,,,,,,,8,11,11,70
Russians,Eastern Europe,Europe,RF10,18,commercial economy,0,0,0,1955,Russian,rus,language,Eurasia,59,50,russ1263,,,,,,,,,,,,,25,510,16,104
Rwala Bedouin,Middle East,Middle East,MD04,4,pastoralists,1,1,1,1916,Central Bedouin Najdi,,dialect,Eurasia,33.25,38.5,cent2323,1,1,,,,,,,,,,,4,518,4,47
Rwandans,Central Africa,Africa,FO57,16,agro-pastoralists,4,3,1,,Kinyarwanda,kin,language,Africa,-1.56771,29.6441,kiny1244,,,,,,,,,,,3,4,12,147,9,51
Sa,Melanesia,Oceania,OO17,5,horticulturalists,0,0,0,1937,Sa'a,apb,language,Papunesia,-9.60258,161.467,saaa1240,,,,,,,,,,,,,1,1,4,27
Saami,Scandinavia,Europe,EP04,24,pastoralists,0,0,0,1926,,,,,68.7,21.5,saam1281,,,,,,,,,,,,,13,88,16,226
Sama-Bajau,Southeast Asia,Asia,OA08,14,hunter-gatherers,1,1,1,1921,West Coast Bajau,bdr,language,Papunesia,6.00631,116.124,west2560,,,1,1,,,,,,,,,7,53,7,64
Samoans,Polynesia,Oceania,OU08,16,horticulturalists,3,2,1,1829,Samoan,smo,language,Papunesia,-13.92,-171.83,samo1305,1,1,,,1,1,1,1,,,,,9,81,10,110
Samoyed,North Asia,Asia,RU04,16,hunter-gatherers,0,0,0,1900,Tundra Nenets,yrk,language,Eurasia,66.1775,71.0234,nene1249,,,,,,,,,,,,,6,18,9,66
San,Southern Africa,Africa,FX10,81,hunter-gatherers,2,2,1,1952,South-Eastern Ju,ktz,language,Africa,-19.688,20.7673,juho1239,1,1,,,,,1,1,,,,,14,83,45,695
Santa Cruz Islanders,Melanesia,Oceania,ON13,13,horticulturalists,0,0,0,1944,Natügu,ntu,language,Papunesia,-10.6771,165.835,natu1246,,,,,,,1,1,,,,,4,13,7,59
Santal,South Asia,Asia,AW42,11,intensive agriculturalists,0,0,0,1936,Santali,sat,language,Eurasia,25.0317,87.8185,sant1410,,,,,,,,,,,,,1,1,10,65
Saraguro Quichua,South America,South America,SD17,6,agro-pastoralists,0,0,0,1551,Cusco Quechua,quz,language,South America,-14.0853,-71.7663,cusc1236,,,,,,,,,,,,,,,,
Saramaka,Amazon and Orinoco,South America,SR15,7,other,0,0,0,1921,Saramaccan,srm,language,South America,4.54729,-54.0238,sara1340,,,,,,,,,,,,,6,266,2,18
Sea Islanders,"Regional, Ethnic and Diaspora Cultures",North America,NN23,15,commercial economy,0,0,0,1883,,,,,,,,,,,,,,,,,,,,5,9,7,59
Semai,Southeast Asia,Asia,AN06,23,horticulturalists,0,0,0,1958,Semai,sea,language,Eurasia,4.13257,101.477,sema1266,,,,,,,1,1,,,,,10,69,15,384
Semang,Southeast Asia,Asia,AN07,6,hunter-gatherers,0,0,0,1920,Kensiu,kns,language,Eurasia,5.98085,101.026,kens1248,,,,,,,,,,,,,3,8,5,76
Seminole,Eastern Woodlands,North America,NN16,40,horticulturalists,6,3,1,1940,Mikasuki,mik,language,North America,31.5,-84,mika1239,,,,,,,,,3,5,1,1,25,400,19,104
Serbian Americans,"Regional, Ethnic and Diaspora Cultures",North America,N017,11,commercial economy,0,0,0,,,,,,,,,,,,,,,,,,,,,4,43,4,12
Serbs,Southeastern Europe,Europe,EF06,39,intensive agriculturalists,2,1,1,1952,Serbian Standard,srp,dialect,Eurasia,44.3238,21.9192,serb1264,1,2,,,1,1,,,,,,,15,148,14,135
Sherpa,Central Asia,Asia,AK06,20,agro-pastoralists,0,0,0,1950,Solu-Khumbu Sherpa,xsr,language,Eurasia,27.674,86.9994,sher1255,,,,,,,,,,,,,3,3,13,104
Shilluk,Eastern Africa,Africa,FJ23,23,agro-pastoralists,0,0,0,1905,Shilluk,shk,language,Africa,9.85472,31.7926,shil1265,,,,,,,,,,,,,11,26,4,14
Shipibo,Amazon and Orinoco,South America,SE26,25,horticulturalists,0,0,0,1930,Shipibo-Conibo,shp,language,South America,-7.17105,-74.8219,ship1254,,,,,,,,,,,,,6,30,18,142
Shluh,Northern Africa,Africa,MW11,7,intensive agriculturalists,0,0,0,1921,Susiua,,dialect,Africa,29.785,-7.779,susi1238,,,,,,,,,,,,,6,172,2,25
Shona,Southern Africa,Africa,FS05,45,agro-pastoralists,1,1,1,1926,Shona,sna,language,Africa,-17.20849,29.75725,shon1251,,,,,,,,,,,1,1,15,246,21,101
Sinhalese,South Asia,Asia,AX04,11,intensive agriculturalists,0,0,0,1952,Sinhala,sin,language,Eurasia,8,81,sinh1246,,,,,,,,,,,,,2,9,4,36
Sirionó,Amazon and Orinoco,South America,SF21,8,hunter-gatherers,0,0,0,1940,Sirionó,srq,language,South America,-15.5298,-63.9688,siri1273,,,,,,,,,,,,,4,8,4,45
Siwai,Melanesia,Oceania,ON19,8,agro-pastoralists,6,3,1,1938,Siwai,siw,language,Papunesia,-6.6429,155.452,siwa1245,,,3,6,,,,,,,,,5,97,7,167
Slavey,Arctic and Subarctic,North America,ND14,9,hunter-gatherers,0,0,0,1908,Bearlake Slavey,,dialect,North America,65.186667,-123.421667,bear1241,,,,,,,,,,,,,6,20,5,99
Slovenes,Southeastern Europe,Europe,EF07,4,intensive agriculturalists,1,1,1,1959,Slovenian,slv,language,Eurasia,46.2543,14.7766,slov1268,1,1,,,,,,,,,,,2,34,3,16
Somali,Eastern Africa,Africa,MO04,33,pastoralists,2,2,1,1950,Northern Somali,,dialect,Africa,4.779,45.153,nort3051,,,,,1,1,,,,,1,1,20,187,18,79
Songhai,Western Africa,Africa,MS20,12,intensive agriculturalists,0,0,0,1947,Koyraboro Senni Songhai,ses,language,Africa,16.9634,-0.55187,koyr1242,,,,,,,,,,,,,6,33,5,20
Southern Coast Salish,Northwest Coast and California,North America,NR26,14,hunter-gatherers,8,4,1,1883,Kalispel,,dialect,North America,47.803,-122.395,kali1309,,,1,1,2,2,,,3,5,3,4,10,90,8,190
Southern Toraja,Southeast Asia,Asia,OG13,7,intensive agriculturalists,21,3,1,1952,Toraja-Sa'dan,sda,language,Papunesia,-2.97144,119.829,tora1261,,,3,21,,,,,1,3,1,2,3,37,5,40
Stoney,Plains and Plateau,North America,NF12,9,hunter-gatherers,2,2,1,1891,Stoney,sto,language,North America,51.1939,-114.984,ston1242,,,,,,,,,2,2,,,6,20,3,14
Suku,Central Africa,Africa,FO46,10,horticulturalists,0,0,0,1930,Suku,sub,language,Africa,-5.76495,17.7736,suku1259,,,,,,,,,,,,,3,4,3,6
Taiwan Hokkien,East Asia,Asia,AD05,72,intensive agriculturalists,1,1,1,1727,Taibei Hokkien,,dialect,Eurasia,25.0853403,121.4231642,taib1242,,,1,1,,,,,,,,,16,127,19,108
Tajiks,Asia,Asia,RO02,1,other,0,0,0,2000,Tajik,tgk,language,Eurasia,38.8213,68.5549,taji1245,,,,,,,,,,,,,,,,
Talamancans,Central America,Middle America and the Caribbean,SA19,8,other,3,2,1,1950,Bribri,bzd,language,North America,9.39794,-83.0539,brib1243,,,,,,,,,,,2,3,5,36,5,37
Tallensi,Western Africa,Africa,FE11,12,intensive agriculturalists,0,0,0,1931,Talni,,dialect,Africa,10.66,-0.57,taln1239,,,,,,,,,,,,,2,27,7,83
Tamil,South Asia,Asia,AW16,48,intensive agriculturalists,0,0,0,1880,Tamil,tam,language,Eurasia,10.520219,78.825989,tami1289,,,,,,,,,,,,,4,5,37,342
Tanala,Southern Africa,Africa,FY08,2,intensive agriculturalists,0,0,0,1941,Tañala,,dialect,Africa,-22,48,tana1285,,,,,,,,,,,,,2,15,2,5
Tapirapé,Eastern South America,South America,SP22,10,other,0,0,0,1935,Tapirapé,taf,language,South America,-10.5373,-50.5438,tapi1254,,,,,,,,,,,,,4,37,9,307
Tarahumara,Northern Mexico,Middle America and the Caribbean,NU33,12,agro-pastoralists,2,2,1,1929,Central Tarahumara,tar,language,North America,27.5648,-107.154,cent2131,,,1,1,,,,,1,1,,,6,38,8,219
Teda,Central Africa,Africa,MS22,6,agro-pastoralists,0,0,0,1950,Tedaga,tuq,language,Africa,18.0426,14.7717,teda1241,,,,,,,,,,,,,6,96,4,118
Tehuelche,Southern South America,South America,SH05,10,hunter-gatherers,0,0,0,1870,Tehuelche,teh,language,South America,-47.5796,-68.3235,tehu1242,1,1,,,,,1,1,,,,,6,22,6,29
Telugu,South Asia,Asia,AW17,4,intensive agriculturalists,0,0,0,1951,Telugu,tel,language,Eurasia,16.4529,78.7024,telu1262,,,,,,,,,,,,,1,5,4,77
Terena,Southern South America,South America,SM05,5,hunter-gatherers,0,0,0,1898,Terena-Kinikinao-Chane,ter,language,South America,-20.6614,-56.0329,tere1279,,,,,,,,,,,,,4,14,1,21
Tewa Pueblos,Southwest and Basin,North America,NT18,17,intensive agriculturalists,9,3,1,1800,Arizona Tewa,,language,North America,35.836667,-110.381389,ariz1237,,,,,,,,,3,9,,,6,24,7,25
Tibetans,Central Asia,Asia,AJ01,24,intensive agriculturalists,0,0,0,1955,Classical Tibetan,xct,language,Eurasia,29.24,92.01,clas1254,,,,,,,,,,,,,4,31,12,133
Ticuna,Amazon and Orinoco,South America,SQ20,4,hunter-gatherers,0,0,0,1940,Ticuna,tca,language,South America,-3.66289,-69.8723,ticu1245,,,,,,,,,,,2,2,3,9,4,25
Tikopia,Polynesia,Oceania,OT11,30,other,4,1,1,1930,Tikopia,tkp,language,Papunesia,-12.2766,168.822,tiko1237,,,,,,,1,3,,,1,1,4,42,13,135
Tillamook,Northwest Coast and California,North America,NR21,7,hunter-gatherers,1,1,1,1870,Tillamook,til,language,North America,45.5,-123.83,till1254,,,,,,,,,1,1,1,1,5,21,4,61
Tinputz,Melanesia,Oceania,ON26,4,other,2,2,1,1930,Tinputz,tpz,language,Papunesia,-5.58358,154.972,tinp1237,,,,,,,2,2,,,,,2,27,2,68
Tiv,Western Africa,Africa,FF57,27,horticulturalists,1,1,1,1920,Tiv,tiv,language,Africa,6.88039,9.26287,tivv1240,,,1,1,,,,,,,,,16,90,11,138
Tiwi,Australia,Oceania,OI20,12,hunter-gatherers,0,0,0,1924,Tiwi,tiw,language,Australia,-11.6308,130.949,tiwi1244,,,,,,,,,,,,,3,11,10,47
Tlingit,Northwest Coast and California,North America,NA12,29,hunter-gatherers,33,9,1,1880,Tlingit,tli,language,North America,59.4447,-135.29,tlin1245,2,2,,,,,,,8,30,5,11,21,1113,16,365
Tobelo,Southeast Asia,Asia,OH18,13,horticulturalists,0,0,0,1910,Tobelo,tlb,language,Papunesia,1.0946,128.154,tobe1252,,,,,,,,,,,,,6,98,8,53
Toda,South Asia,Asia,AW60,9,pastoralists,0,0,0,1901,Toda,tcx,language,Eurasia,11.4184,77.0168,toda1252,,,,,,,,,,,,,1,1,5,45
Tonga,Southern Africa,Africa,FQ12,14,horticulturalists,0,0,0,1952,Tonga (Nyasa),tog,language,Africa,-12.0816,34.0613,tong1321,,,,,,,,,,,,,4,29,9,109
Tongans,Polynesia,Oceania,OU09,112,horticulturalists,9,7,1,1921,Tonga (Tonga Islands),ton,language,Papunesia,-21.17,-175.25,tong1325,1,1,,,,,6,6,,,2,2,24,524,41,385
Trobriands,Melanesia,Oceania,OL06,57,other,8,5,1,1915,Kilivila,kij,language,Papunesia,-8.72574,151.072,kili1267,,,2,3,,,5,7,,,,,21,94,18,302
Trumai,Amazon and Orinoco,South America,SP23,2,hunter-gatherers,0,0,0,1930,Trumai,tpy,language,South America,-11.8119,-53.5717,trum1247,,,,,,,,,,,,,2,11,2,21
Tsonga,Southern Africa,Africa,FT06,10,agro-pastoralists,3,1,1,1920,Tsonga,tso,language,Africa,-23.5754,31.8105,tson1249,,,,,1,1,1,1,,,1,1,8,93,3,58
Tuareg,Northern Africa,Africa,MS25,10,agro-pastoralists,0,0,0,1920,Hoggar,,dialect,Africa,23,6.5,hogg1238,,,,,,,,,,,,,8,83,6,203
Tubatulabal,Northwest Coast and California,North America,NS22,5,hunter-gatherers,2,2,1,1907,Tübatulabal,tub,language,North America,35.327,-117.163,tuba1278,2,2,,,,,,,1,1,,,3,20,3,44
Tukano,Amazon and Orinoco,South America,SQ19,18,other,3,3,1,1950,Tucano,tuo,language,South America,0.579755,-69.5763,tuca1252,,,,,,,2,2,,,1,1,8,48,12,211
Tupinamba,Eastern South America,South America,SO09,28,hunter-gatherers,3,3,1,1600,Tupinambá,tpn,language,South America,-22.807778,-42.106389,tupi1273,1,1,,,,,2,2,,,,,17,186,11,74
Turkana,Eastern Africa,Africa,FL17,35,pastoralists,0,0,0,1936,Turkana,tuv,language,Africa,4.30688,35.7101,turk1308,,,,,,,,,,,,,20,227,24,202
Turkmens,Central Asia,Asia,RM02,1,agro-pastoralists,0,0,0,1925,Turkmen,tuk,language,Eurasia,37.08719,59.17574,turk1304,,,,,,,,,,,,,1,1,,
Turks,Middle East,Middle East,MB01,29,commercial economy,0,0,0,1950,Turkish,tur,language,Eurasia,39.8667,32.8667,nucl1301,,,,,,,,,,,,,6,23,9,62
Tzeltal,Maya Area,Middle America and the Caribbean,NV09,12,horticulturalists,0,0,0,1944,Tzeltal,tzh,language,North America,16.6384,-92.2786,tzel1254,,,,,,,,,,,,,1,1,6,32
Ulithi,Micronesia,Oceania,OR20,3,other,0,0,0,1925,Ulithian,uli,language,Papunesia,9.961388,139.603611,ulit1238,,,,,,,,,,,,,2,7,3,37
Uru-Chipaya,Central Andes,South America,SF24,9,other,0,0,0,1931,Uru,ure,language,South America,-16.72547,-68.97119,uruu1244,,,,,,,,,,,,,2,8,6,23
Ute,Southwest and Basin,North America,NT19,25,hunter-gatherers,18,7,1,1865,Ute,,dialect,North America,38,-109,utee1244,,,,,,,,,7,18,,,13,188,14,114
Uttar Pradesh,Asia,Asia,AW19,12,intensive agriculturalists,0,0,0,1943,Bhojpuri,bho,language,Eurasia,26.458455,84.817115,bhoj1244,,,,,,,,,,,,,,,,
Uyghur,Central Asia,Asia,AI04,12,other,0,0,0,1785,,,,,42.7325,83.397,uygh1240,,,,,,,,,,,,,2,5,8,96
Uzbeks,Central Asia,Asia,RN05,1,other,0,0,0,1862,Northern Uzbek,uzn,language,Eurasia,40.886,69.211,nort2690,,,,,,,,,,,,,1,1,,
Vedda,South Asia,Asia,AX05,4,hunter-gatherers,0,0,0,1891,Veddah,ved,language,Eurasia,6.97396,81.2618,vedd1240,,,,,,,,,,,,,1,1,3,26
Vietnamese,Southeast Asia,Asia,AM11,84,intensive agriculturalists,4,4,1,1632,Vietnamese,vie,language,Eurasia,20.681188,105.774071,viet1252,3,3,,,1,1,,,,,,,31,706,29,262
Warao,Amazon and Orinoco,South America,SS18,38,hunter-gatherers,0,0,0,1946,Warao,wba,language,South America,7.50851,-59.3528,wara1303,,,,,,,,,,,,,4,8,24,188
West Punjabi,South Asia,Asia,AT03,15,intensive agriculturalists,0,0,0,1950,Western Panjabi,pnb,language,Eurasia,30.0948,75.3474,west2386,,,,,,,,,,,,,4,12,10,108
Western Apache,Southwest and Basin,North America,NT21,49,hunter-gatherers,25,5,1,1905,Western Apache,apw,language,North America,33.8574,-110.123,west2615,2,2,,,1,1,,,5,23,,,27,1372,22,326
Western Woods Cree,Arctic and Subarctic,North America,NG08,8,hunter-gatherers,0,0,0,1741,Woods Cree,cwd,language,North America,57,-99,wood1236,,,,,,,,,,,,,3,9,2,13
Winnebago/Ho-Chunk,Eastern Woodlands,North America,NP12,8,hunter-gatherers,25,2,1,1945,Ho-Chunk,win,language,North America,43.5,-88.5,hoch1243,,,,,,,,,2,25,1,1,7,145,1,27
Wogeo,Melanesia,Oceania,OJ27,19,other,0,0,0,1930,Wogeo,woc,language,Papunesia,-3.20238,144.089,woge1237,,,,,,,,,,,,,2,2,5,50
Woleai Region,Micronesia,Oceania,OR21,29,other,0,0,0,1911,Woleaian,woe,language,Papunesia,7.37957,143.916,wole1240,,,,,,,,,,,,,6,14,16,178
Wolof,Western Africa,Africa,MS30,45,horticulturalists,0,0,0,1950,Wolof,wol,language,Africa,15.2534,-15.383,nucl1347,,,,,,,,,,,,,10,76,19,111
Xavante,Eastern South America,South America,SP26,7,hunter-gatherers,0,0,0,1958,Xavánte,xav,language,South America,-14.3017,-52.4367,xava1240,,,,,,,,,,,,,3,64,4,62
Xinjiang Uygur Autonomous Region,Central Asia,Asia,AI01,7,other,0,0,0,1489,,,,,41.5,85.5,cent1944,,,,,,,,,,,,,3,7,5,32
Xokleng,Eastern South America,South America,SM03,7,hunter-gatherers,0,0,0,1924,Xokleng,xok,language,South America,-26.9217,-49.5886,xokl1240,,,,,,,,,,,,,3,9,6,59
Yahgan,Southern South America,South America,SH06,4,hunter-gatherers,0,0,0,1868,Yámana,yag,language,South America,-55.2748,-68.2648,yama1264,,,,,,,,,,,,,4,5,4,50
Yakut,North Asia,Asia,RV02,18,other,0,0,0,1906,Sakha,sah,language,Eurasia,61.69744,133.98031,yaku1245,,,,,,,,,,,,,3,23,9,64
Yanoama,Amazon and Orinoco,South America,SQ18,12,horticulturalists,2,2,1,1965,Yanomamö,guu,language,South America,1.67967,-64.8781,yano1261,,,,,,,,,1,1,1,1,9,392,8,65
Yapese,Micronesia,Oceania,OR22,28,other,3,1,1,1905,Yapese,yap,language,Papunesia,9.55811,138.125,yape1248,,,1,3,,,,,,,,,15,114,17,286
Yemenis,Middle East,Middle East,ML01,1,other,0,0,0,1949,Sanaani Arabic,ayn,language,Eurasia,15.6552,44.8412,sana1295,,,,,,,,,,,,,,,,
Yi,East Asia,Asia,AE04,10,intensive agriculturalists,0,0,0,1779,Sichuan Yi,iii,language,Eurasia,28.1947,102.121,sich1238,,,,,,,,,,,,,5,65,5,20
Yokuts,Northwest Coast and California,North America,NS29,24,hunter-gatherers,0,0,0,1855,Valley Yokuts,,dialect,North America,35,-119.5,vall1251,,,,,,,,,1,1,1,1,9,68,15,199
Yoruba,Western Africa,Africa,FF62,32,horticulturalists,0,0,0,1950,Yoruba,yor,language,Africa,7.15345,3.67225,yoru1245,,,,,,,,,,,,,8,66,7,42
Yukaghir,North Asia,Asia,RV03,8,hunter-gatherers,0,0,0,1850,Northern Yukaghir,ykg,language,Eurasia,70.498,157.853,nort2745,,,,,,,,,,,,,5,12,5,45
Yuki,Northwest Coast and California,North America,NS30,19,hunter-gatherers,17,8,1,1850,Northern Yukian,yuk,language,North America,39.8389,-123.296,yuki1243,,,,,,,1,1,8,16,4,4,12,197,12,255
Yurok,Northwest Coast and California,North America,NS31,13,hunter-gatherers,0,0,0,1880,Yurok,yur,language,North America,41.3262,-123.824,yuro1248,,,,,,,,,1,1,,,6,31,5,34
Zapotec,Central Mexico,Middle America and the Caribbean,NU44,24,horticulturalists,0,0,0,1940,Yalálag Zapotec,zpu,language,North America,17.2134,-96.2183,yala1267,,,,,,,,,,,,,5,31,15,186
Zia Pueblo,Southwest and Basin,North America,NT38,9,intensive agriculturalists,10,1,1,1634,Zia (United States),,dialect,North America,35.5216,-106.453,ziaa1251,,,,,,,,,1,10,,,3,23,3,35
Zulu,Southern Africa,Africa,FX20,47,agro-pastoralists,4,2,1,1876,Zulu,zul,language,Africa,-28.9,30.2,zulu1248,1,1,,,,,1,1,,,1,2,23,838,18,507
Zuni,Southwest and Basin,North America,NT23,33,intensive agriculturalists,18,10,1,1895,Zuni,zun,language,North America,35.0056,-108.782,zuni1245,,,,,,,,,10,18,1,2,14,62,12,183
